INSERT INTO USERINFO
VALUES ('111111','password1','Bahar','Demir','F','27-03-1990','bahardemir@gmail.com','2011-11-01');
INSERT INTO USERINFO
VALUES ('333333','password3','Melek','Basaran','F','17-08-1990','mlkbasharan@hotmail.com','2009-10-05');
INSERT INTO USERINFO
VALUES ('444444','password4','Kübra','Karatay','F','26-09-1990','kubishblackfoal@hotmail.com','2011-08-07');
INSERT INTO USERINFO
VALUES ('777777','password7','Gülperi','Yetkin','F','15-02-1990','periyetkin@gmail.com','2011-05-01');
INSERT INTO USERINFO
VALUES ('999999','password9','Mehtap','Kayikçi','F','20-03-1990','mwhtap_kyk@gmail.com','2009-05-04');
INSERT INTO USERINFO
VALUES ('555555','password5','Mevlüt','Sayar','M','15-03-1991','mevlutwame@gmail.com','2007-01-09');
INSERT INTO USERINFO
VALUES ('666666','password6','Kadir','Topkan','M','10-03-1990','kadirtopkan@hotmail.com','2009-11-06');
INSERT INTO USERINFO
VALUES ('888888','password8','Hikmet','Suvak','M','04-08-1988','hikmet_suvak@gmail.com','2010-09-02');
INSERT INTO USERINFO
 VALUES ('222222','password2','Mesut','unal','M','26-12-1990','mesutomerunal@gmail.com','2010-01-25');



INSERT INTO PROFILEINFO
VALUES('11','111111','sevgi onurdur','evli','nyg','uykusuzum','2011-05-05');
INSERT INTO PROFILEINFO
VALUES('22','222222','uzun ince bir yoldayim','bekar','posta','sanane','2011-05-05');
INSERT INTO PROFILEINFO
VALUES('33','333333','evli mutlu cocuklu','evli','ege 09 ders notları','mesut git','2010-04-05');
INSERT INTO PROFILEINFO
VALUES('44','444444','nice mutlu yillara','nisanli','oriflame','tipe bak','2009-01-01');
INSERT INTO PROFILEINFO
VALUES('55','555555','sevmek yok artik','dul','ELL','seni ben ellerin olasin diye mi sevdim','2008-03-05');
INSERT INTO PROFILEINFO
VALUES('66','666666','yalanci bahar','bekar','unutanlar','sevdim sevilmedim','2011-04-04');
INSERT INTO PROFILEINFO
VALUES('77','777777','seni ozledigim gecelerde','karisik','bilmuh.ege.edu.tr','olmazzz','2011-05-05');
INSERT INTO PROFILEINFO
VALUES('88','888888','yalniz mesut','bekar','ege.edu.tr','yalnizlik guzeldir','2010-10-01');
INSERT INTO PROFILEINFO
VALUES('99','999999','seni kimler aldi','NO','w3.school','bosyere','2011-05-05');



INSERT INTO NOTIFICATIONINFO VALUES('15','comment photos','2010-08-08');
INSERT INTO NOTIFICATIONINFO VALUES('25','thumb up','2010-05-27');
INSERT INTO NOTIFICATIONINFO VALUES('35','comment video','2011-07-15');
INSERT INTO NOTIFICATIONINFO VALUES('45','comment status','2008-01-08');
INSERT INTO NOTIFICATIONINFO VALUES('56','comment photos','2010-10-19');
INSERT INTO NOTIFICATIONINFO VALUES('65','thumb up','2010-12-20');
INSERT INTO NOTIFICATIONINFO VALUES('75','thumb up','2010-11-24');
INSERT INTO NOTIFICATIONINFO VALUES('85','comment status','2010-05-20');
INSERT INTO NOTIFICATIONINFO VALUES('95','comment photos','2009-08-25');



INSERT INTO KNOWLEDGE VALUES('123','11','Batman','Turkey','Ilkogretim','Futbol','Melekler ve Seytanlar','Sezen Aksu','2011-10-09');
INSERT INTO KNOWLEDGE VALUES('456','22','Bolu','Turkey','Lise','Futbol','Esaretin Bedeli','Sebnem Ferah','2008-10-10');
INSERT INTO KNOWLEDGE VALUES('789','33','Istanbul','Turkey','Universite','Futbol','Melekler ve Seytanlar','Ferhat Gocer','2010-07-09');
INSERT INTO KNOWLEDGE VALUES('321','44','Newyork','America','Lise','Futbol','Hayat Güzeldir','Nil Karaibrahimgil','2010-09-27');
INSERT INTO KNOWLEDGE VALUES('654','55','Stutgart','America','Ilkogretim','Futbol','Up','Tan Aksu','2008-09-20');
INSERT INTO KNOWLEDGE VALUES('987','66','Mersin','Turkey','Ilkogretim','Futbol','Kalp','Sezen Aksu','2011-08-20');
INSERT INTO KNOWLEDGE VALUES('741','77','Maine','America','Universite','Futbol','Amelie','Bulent Ersoy','2010-09-09');
INSERT INTO KNOWLEDGE VALUES('852','88','Virginia Beach','America','Ilkogretim','Futbol','Güzel ve Cirkin','Cem Karaca','2011-12-21');
INSERT INTO KNOWLEDGE VALUES('963','99','Ankara','Turkey','Lise','Futbol','Sir','Cem Karaca','2011-04-15');



INSERT INTO CHAT VALUES('155','Mesut','Merhaba','111111','2011-08-05');
INSERT INTO CHAT VALUES('146','Melek','Merhaba','222222','2011-08-08');
INSERT INTO CHAT VALUES('225','Bahar','Naber','333333','2011-07-04');
INSERT INTO CHAT VALUES('155','Kubra','Nasilsin','444444','2010-05-05');
INSERT INTO CHAT VALUES('856','Mevlut','Cvp ver','555555','2011-07-05');
INSERT INTO CHAT VALUES('122','Mesut','Sanane','666666','2009-08-05');
INSERT INTO CHAT VALUES('118','Safa','Film izliyorum','777777','2010-12-12');
INSERT INTO CHAT VALUES('170','Salih','Basarilar','888888','2010-08-27');
INSERT INTO CHAT VALUES('145','Mevlut','Slm','999999','2009-01-30');



INSERT INTO STATUSS VALUES('87','111111','2010-08-05','Yes','you are beautiful','No','Yes');
INSERT INTO STATUSS VALUES('19','555555','2009-02-02','No','I like him','Yes','Yes');
INSERT INTO STATUSS VALUES('24','444444','2010-05-06','No',NULL,NULL,NULL);
INSERT INTO STATUSS VALUES('52','777777','2010-04-21','Yes',NULL,NULL,NULL);
INSERT INTO STATUSS VALUES('81','666666','2010-10-10','No',NULL,NULL,NULL);
INSERT INTO STATUSS VALUES('95','222222','2011-05-05','No','I feel sad','No','No');
INSERT INTO STATUSS VALUES('93','333333','2010-12-27','No','No women no cry','No','Yes');
INSERT INTO STATUSS VALUES('54','888888','2011-02-12','No','Some differences','No','No');
INSERT INTO STATUSS VALUES('78','999999','2009-12-12','Yes','Music','Yes','Yes');



INSERT INTO MESSAGEINFO VALUES('9988','111111','Iove you','2010-05-05','No','Yes');
INSERT INTO MESSAGEINFO VALUES('1124','222222','You are crazy','2010-01-01','No','No');
INSERT INTO MESSAGEINFO VALUES('4587','555555','Off yeter yaaa','2010-01-01','No','Yes');
INSERT INTO MESSAGEINFO VALUES('1274','444444','Mesut okula git','2009-09-09','No','Yes');
INSERT INTO MESSAGEINFO VALUES('8965','888888','Basit bir ödevmis','2011-12-14','Yes','No');
INSERT INTO MESSAGEINFO VALUES('4536','999999','Sardunyalar da soldular','2010-10-10','Yes','No');
INSERT INTO MESSAGEINFO VALUES('8796','777777','Kismet','2010-04-24','Yes','No');
INSERT INTO MESSAGEINFO VALUES('7812','333333','Nasilsin?','2009-05-05','Yes','No');
INSERT INTO MESSAGEINFO VALUES('2574','666666','İyilik senden?','2011-11-11','No','Yes');


INSERT INTO LANGUAGEINFO VALUES('111111','01','English');
INSERT INTO LANGUAGEINFO VALUES('222222','02','Turkish');
INSERT INTO LANGUAGEINFO VALUES('333333','03','Norsk');
INSERT INTO LANGUAGEINFO VALUES('555555','04','Polsky');
INSERT INTO LANGUAGEINFO VALUES('777777','05','Deutsch');
INSERT INTO LANGUAGEINFO VALUES('444444','06','Galego');
INSERT INTO LANGUAGEINFO VALUES('666666','07','Filipino');
INSERT INTO LANGUAGEINFO VALUES('888888','08','Arabic');
INSERT INTO LANGUAGEINFO VALUES('999999','09','English');



INSERT INTO FRIEND VALUES('1001','111111','Gonca','2010-05-05');
INSERT INTO FRIEND VALUES('2002','999999','Gonca','2010-05-05');
INSERT INTO FRIEND VALUES('3003','222222','Gonca','2010-05-05');
INSERT INTO FRIEND VALUES('4004','888888','Gonca','2011-02-24');
INSERT INTO FRIEND VALUES('5005','333333','Gonca','2012-01-01');
INSERT INTO FRIEND VALUES('6006','777777','Gonca','2012-01-02');
INSERT INTO FRIEND VALUES('7007','444444','Gonca','2010-08-24');
INSERT INTO FRIEND VALUES('8008','666666','Gonca','2010-05-05');
INSERT INTO FRIEND VALUES('9009','555555','Gonca','2010-08-24');







INSERT INTO COMMENT VALUES('10','Dersler!!!','19','1001','2012-01-01');
INSERT INTO COMMENT VALUES('20','Dersler!!!','54','2002','2012-01-01');
INSERT INTO COMMENT VALUES('30','cay icelim','78','3003','2012-01-01');
INSERT INTO COMMENT VALUES('40','cay icelim','87','4004','2012-01-05');
INSERT INTO COMMENT VALUES('50','cay icelim','93','5005','2011-02-12');
INSERT INTO COMMENT VALUES('60','Ara ver','95','6006','2011-02-12');
INSERT INTO COMMENT VALUES('70','Ara ver','24','7007','2010-10-10');
INSERT INTO COMMENT VALUES('80','Akilsiz','52','8008','2005-01-25');
INSERT INTO COMMENT VALUES('90','Akilli','81','9009','2008-02-08');









